Timestamp,HostCPU,HostMemUsage,HostMemTotal,HostMemPerc,Container,Name,ID,CPUPerc,MemUsage,MemPerc,NetIO,BlockIO,PIDs
1740725499,0,4370396,16228688,26.93,,,d9ae95b21dde,reverse-proxy-api-1,d9ae95b21dde,0.11%,"187.8MiB / 256MiB",73.36%,"580MB / 435MB","0B / 0B",60
1740725499,0,4370396,16228688,26.93,,,056cf00840ca,reverse-proxy-cache-1,056cf00840ca,0.00%,"13.55MiB / 20MiB",67.75%,"28.2kB / 3.16kB","0B / 0B",18
1740725499,0,4370396,16228688,26.93,,,38551dc193e6,reverse-proxy-agent-1,38551dc193e6,0.09%,"262.6MiB / 15.48GiB",1.66%,"602MB / 635MB","0B / 0B",36
1740725499,0,4370396,16228688,26.93,,,237e75e8f6fa,reverse-proxy-lb-1,237e75e8f6fa,0.10%,"109MiB / 15.48GiB",0.69%,"701MB / 803MB","0B / 0B",40
1740725499,0,4370396,16228688,26.93,,,f6b417fc0714,reverse-proxy-controller-1,f6b417fc0714,0.67%,"894.5MiB / 15.48GiB",5.64%,"48.9MB / 96.5MB","0B / 0B",235
1740725512,0,6375140,16228688,39.28,,,d9ae95b21dde,reverse-proxy-api-1,d9ae95b21dde,0.09%,"187.8MiB / 256MiB",73.36%,"580MB / 435MB","0B / 0B",60
1740725512,0,6375140,16228688,39.28,,,056cf00840ca,reverse-proxy-cache-1,056cf00840ca,0.00%,"13.55MiB / 20MiB",67.75%,"28.2kB / 3.16kB","0B / 0B",18
1740725512,0,6375140,16228688,39.28,,,38551dc193e6,reverse-proxy-agent-1,38551dc193e6,9.20%,"2.23GiB / 15.48GiB",14.41%,"602MB / 635MB","0B / 0B",1452
1740725512,0,6375140,16228688,39.28,,,237e75e8f6fa,reverse-proxy-lb-1,237e75e8f6fa,0.15%,"109MiB / 15.48GiB",0.69%,"701MB / 803MB","0B / 0B",40
1740725512,0,6375140,16228688,39.28,,,f6b417fc0714,reverse-proxy-controller-1,f6b417fc0714,0.69%,"837.9MiB / 15.48GiB",5.29%,"49MB / 96.6MB","0B / 0B",248
1740725524,4,6343644,16228688,39.09,,,d9ae95b21dde,reverse-proxy-api-1,d9ae95b21dde,46.88%,"173.7MiB / 256MiB",67.87%,"580MB / 435MB","0B / 0B",23
1740725524,4,6343644,16228688,39.09,,,056cf00840ca,reverse-proxy-cache-1,056cf00840ca,0.00%,"13.55MiB / 20MiB",67.75%,"28.3kB / 3.16kB","0B / 0B",18
1740725524,4,6343644,16228688,39.09,,,38551dc193e6,reverse-proxy-agent-1,38551dc193e6,15.23%,"2.216GiB / 15.48GiB",14.32%,"602MB / 635MB","0B / 0B",1432
1740725524,4,6343644,16228688,39.09,,,237e75e8f6fa,reverse-proxy-lb-1,237e75e8f6fa,1.09%,"109.3MiB / 15.48GiB",0.69%,"702MB / 803MB","0B / 0B",40
1740725524,4,6343644,16228688,39.09,,,f6b417fc0714,reverse-proxy-controller-1,f6b417fc0714,1.01%,"838.6MiB / 15.48GiB",5.29%,"49.1MB / 96.6MB","0B / 0B",248
1740725538,7,6362276,16228688,39.20,,,d9ae95b21dde,reverse-proxy-api-1,d9ae95b21dde,87.71%,"179.4MiB / 256MiB",70.07%,"580MB / 435MB","0B / 0B",25
1740725538,7,6362276,16228688,39.20,,,056cf00840ca,reverse-proxy-cache-1,056cf00840ca,0.00%,"13.55MiB / 20MiB",67.75%,"28.3kB / 3.16kB","0B / 0B",18
1740725538,7,6362276,16228688,39.20,,,38551dc193e6,reverse-proxy-agent-1,38551dc193e6,18.14%,"2.225GiB / 15.48GiB",14.37%,"602MB / 636MB","0B / 0B",1437
1740725538,7,6362276,16228688,39.20,,,237e75e8f6fa,reverse-proxy-lb-1,237e75e8f6fa,1.51%,"110MiB / 15.48GiB",0.69%,"702MB / 804MB","0B / 0B",40
1740725538,7,6362276,16228688,39.20,,,f6b417fc0714,reverse-proxy-controller-1,f6b417fc0714,0.63%,"839.6MiB / 15.48GiB",5.30%,"49.3MB / 96.7MB","0B / 0B",248
1740725552,8,6383496,16228688,39.33,,,d9ae95b21dde,reverse-proxy-api-1,d9ae95b21dde,95.72%,"178.8MiB / 256MiB",69.83%,"581MB / 435MB","0B / 0B",30
1740725552,8,6383496,16228688,39.33,,,056cf00840ca,reverse-proxy-cache-1,056cf00840ca,0.00%,"13.55MiB / 20MiB",67.75%,"28.3kB / 3.16kB","0B / 0B",18
1740725552,8,6383496,16228688,39.33,,,38551dc193e6,reverse-proxy-agent-1,38551dc193e6,13.96%,"2.234GiB / 15.48GiB",14.44%,"603MB / 636MB","0B / 0B",1438
1740725552,8,6383496,16228688,39.33,,,237e75e8f6fa,reverse-proxy-lb-1,237e75e8f6fa,1.62%,"110.6MiB / 15.48GiB",0.70%,"703MB / 805MB","0B / 0B",40
1740725552,8,6383496,16228688,39.33,,,f6b417fc0714,reverse-proxy-controller-1,f6b417fc0714,241.23%,"840.3MiB / 15.48GiB",5.30%,"49.5MB / 96.7MB","0B / 0B",246
1740725564,7,6401180,16228688,39.44,,,d9ae95b21dde,reverse-proxy-api-1,d9ae95b21dde,95.22%,"179.3MiB / 256MiB",70.02%,"581MB / 436MB","0B / 0B",28
1740725564,7,6401180,16228688,39.44,,,056cf00840ca,reverse-proxy-cache-1,056cf00840ca,0.00%,"13.55MiB / 20MiB",67.75%,"28.3kB / 3.16kB","0B / 0B",18
1740725564,7,6401180,16228688,39.44,,,38551dc193e6,reverse-proxy-agent-1,38551dc193e6,17.41%,"2.239GiB / 15.48GiB",14.47%,"603MB / 637MB","0B / 0B",1430
1740725564,7,6401180,16228688,39.44,,,237e75e8f6fa,reverse-proxy-lb-1,237e75e8f6fa,1.55%,"111.5MiB / 15.48GiB",0.70%,"704MB / 806MB","0B / 0B",40
1740725564,7,6401180,16228688,39.44,,,f6b417fc0714,reverse-proxy-controller-1,f6b417fc0714,0.74%,"841.5MiB / 15.48GiB",5.31%,"49.7MB / 96.8MB","0B / 0B",245
1740725577,8,6424184,16228688,39.59,,,d9ae95b21dde,reverse-proxy-api-1,d9ae95b21dde,95.60%,"182.5MiB / 256MiB",71.27%,"582MB / 436MB","0B / 0B",30
1740725577,8,6424184,16228688,39.59,,,056cf00840ca,reverse-proxy-cache-1,056cf00840ca,0.00%,"13.55MiB / 20MiB",67.75%,"28.3kB / 3.16kB","0B / 0B",18
1740725577,8,6424184,16228688,39.59,,,38551dc193e6,reverse-proxy-agent-1,38551dc193e6,10.66%,"2.247GiB / 15.48GiB",14.52%,"603MB / 637MB","0B / 0B",1432
1740725577,8,6424184,16228688,39.59,,,237e75e8f6fa,reverse-proxy-lb-1,237e75e8f6fa,1.52%,"112.3MiB / 15.48GiB",0.71%,"704MB / 807MB","0B / 0B",40
1740725577,8,6424184,16228688,39.59,,,f6b417fc0714,reverse-proxy-controller-1,f6b417fc0714,0.78%,"842.4MiB / 15.48GiB",5.32%,"49.9MB / 96.8MB","0B / 0B",247
1740725589,9,6442964,16228688,39.70,,,d9ae95b21dde,reverse-proxy-api-1,d9ae95b21dde,95.01%,"179.4MiB / 256MiB",70.10%,"582MB / 436MB","0B / 0B",31
1740725589,9,6442964,16228688,39.70,,,056cf00840ca,reverse-proxy-cache-1,056cf00840ca,0.00%,"13.55MiB / 20MiB",67.75%,"28.3kB / 3.16kB","0B / 0B",18
1740725589,9,6442964,16228688,39.70,,,38551dc193e6,reverse-proxy-agent-1,38551dc193e6,17.22%,"2.259GiB / 15.48GiB",14.59%,"604MB / 638MB","0B / 0B",1444
1740725589,9,6442964,16228688,39.70,,,237e75e8f6fa,reverse-proxy-lb-1,237e75e8f6fa,1.84%,"113.5MiB / 15.48GiB",0.72%,"705MB / 808MB","0B / 0B",40
1740725589,9,6442964,16228688,39.70,,,f6b417fc0714,reverse-proxy-controller-1,f6b417fc0714,1.14%,"843.5MiB / 15.48GiB",5.32%,"50MB / 96.9MB","0B / 0B",247
1740725603,7,6459684,16228688,39.80,,,d9ae95b21dde,reverse-proxy-api-1,d9ae95b21dde,94.58%,"181.3MiB / 256MiB",70.82%,"583MB / 437MB","0B / 0B",28
1740725603,7,6459684,16228688,39.80,,,056cf00840ca,reverse-proxy-cache-1,056cf00840ca,0.00%,"13.55MiB / 20MiB",67.75%,"28.3kB / 3.16kB","0B / 0B",18
1740725603,7,6459684,16228688,39.80,,,38551dc193e6,reverse-proxy-agent-1,38551dc193e6,8.70%,"2.263GiB / 15.48GiB",14.62%,"604MB / 638MB","0B / 0B",1430
1740725603,7,6459684,16228688,39.80,,,237e75e8f6fa,reverse-proxy-lb-1,237e75e8f6fa,1.48%,"113.7MiB / 15.48GiB",0.72%,"706MB / 808MB","0B / 0B",40
1740725603,7,6459684,16228688,39.80,,,f6b417fc0714,reverse-proxy-controller-1,f6b417fc0714,0.90%,"844.4MiB / 15.48GiB",5.33%,"50.2MB / 97MB","0B / 0B",247
1740725615,8,6480460,16228688,39.93,,,d9ae95b21dde,reverse-proxy-api-1,d9ae95b21dde,96.93%,"181.1MiB / 256MiB",70.76%,"583MB / 437MB","0B / 0B",28
1740725615,8,6480460,16228688,39.93,,,056cf00840ca,reverse-proxy-cache-1,056cf00840ca,0.00%,"13.55MiB / 20MiB",67.75%,"28.3kB / 3.16kB","0B / 0B",18
1740725615,8,6480460,16228688,39.93,,,38551dc193e6,reverse-proxy-agent-1,38551dc193e6,19.30%,"2.282GiB / 15.48GiB",14.75%,"605MB / 639MB","0B / 0B",1430
1740725615,8,6480460,16228688,39.93,,,237e75e8f6fa,reverse-proxy-lb-1,237e75e8f6fa,1.57%,"113.8MiB / 15.48GiB",0.72%,"707MB / 809MB","0B / 0B",40
1740725615,8,6480460,16228688,39.93,,,f6b417fc0714,reverse-proxy-controller-1,f6b417fc0714,0.64%,"845.6MiB / 15.48GiB",5.34%,"50.4MB / 97MB","0B / 0B",247
1740725629,9,6508108,16228688,40.10,,,d9ae95b21dde,reverse-proxy-api-1,d9ae95b21dde,95.65%,"182.6MiB / 256MiB",71.33%,"584MB / 437MB","0B / 0B",30
1740725629,9,6508108,16228688,40.10,,,056cf00840ca,reverse-proxy-cache-1,056cf00840ca,0.00%,"13.55MiB / 20MiB",67.75%,"28.3kB / 3.16kB","0B / 0B",18
1740725629,9,6508108,16228688,40.10,,,38551dc193e6,reverse-proxy-agent-1,38551dc193e6,25.06%,"2.293GiB / 15.48GiB",14.82%,"605MB / 640MB","0B / 0B",1447
1740725629,9,6508108,16228688,40.10,,,237e75e8f6fa,reverse-proxy-lb-1,237e75e8f6fa,1.79%,"114MiB / 15.48GiB",0.72%,"708MB / 810MB","0B / 0B",40
1740725629,9,6508108,16228688,40.10,,,f6b417fc0714,reverse-proxy-controller-1,f6b417fc0714,1.27%,"846.1MiB / 15.48GiB",5.34%,"50.6MB / 97.1MB","0B / 0B",247
1740725642,7,6541360,16228688,40.31,,,d9ae95b21dde,reverse-proxy-api-1,d9ae95b21dde,95.55%,"182.4MiB / 256MiB",71.25%,"584MB / 438MB","0B / 0B",29
1740725642,7,6541360,16228688,40.31,,,056cf00840ca,reverse-proxy-cache-1,056cf00840ca,0.00%,"13.55MiB / 20MiB",67.75%,"28.3kB / 3.16kB","0B / 0B",18
1740725642,7,6541360,16228688,40.31,,,38551dc193e6,reverse-proxy-agent-1,38551dc193e6,8.01%,"2.318GiB / 15.48GiB",14.97%,"605MB / 640MB","0B / 0B",1430
1740725642,7,6541360,16228688,40.31,,,237e75e8f6fa,reverse-proxy-lb-1,237e75e8f6fa,1.60%,"114.1MiB / 15.48GiB",0.72%,"708MB / 811MB","0B / 0B",40
1740725642,7,6541360,16228688,40.31,,,f6b417fc0714,reverse-proxy-controller-1,f6b417fc0714,0.84%,"846.8MiB / 15.48GiB",5.34%,"50.8MB / 97.1MB","0B / 0B",246
1740725654,7,6549768,16228688,40.36,,,d9ae95b21dde,reverse-proxy-api-1,d9ae95b21dde,95.11%,"181.8MiB / 256MiB",71.00%,"585MB / 438MB","0B / 0B",29
1740725654,7,6549768,16228688,40.36,,,056cf00840ca,reverse-proxy-cache-1,056cf00840ca,0.00%,"13.55MiB / 20MiB",67.75%,"28.3kB / 3.16kB","0B / 0B",18
1740725654,7,6549768,16228688,40.36,,,38551dc193e6,reverse-proxy-agent-1,38551dc193e6,7.40%,"2.327GiB / 15.48GiB",15.03%,"606MB / 641MB","0B / 0B",1430
1740725654,7,6549768,16228688,40.36,,,237e75e8f6fa,reverse-proxy-lb-1,237e75e8f6fa,1.67%,"114.2MiB / 15.48GiB",0.72%,"709MB / 812MB","0B / 0B",40
1740725654,7,6549768,16228688,40.36,,,f6b417fc0714,reverse-proxy-controller-1,f6b417fc0714,0.76%,"847.4MiB / 15.48GiB",5.35%,"51MB / 97.2MB","0B / 0B",246
1740725668,8,6577612,16228688,40.53,,,d9ae95b21dde,reverse-proxy-api-1,d9ae95b21dde,96.17%,"181.1MiB / 256MiB",70.73%,"585MB / 439MB","0B / 0B",28
1740725668,8,6577612,16228688,40.53,,,056cf00840ca,reverse-proxy-cache-1,056cf00840ca,0.00%,"13.55MiB / 20MiB",67.75%,"28.3kB / 3.16kB","0B / 0B",18
1740725668,8,6577612,16228688,40.53,,,38551dc193e6,reverse-proxy-agent-1,38551dc193e6,7.42%,"2.342GiB / 15.48GiB",15.13%,"606MB / 641MB","0B / 0B",1430
1740725668,8,6577612,16228688,40.53,,,237e75e8f6fa,reverse-proxy-lb-1,237e75e8f6fa,1.74%,"114.4MiB / 15.48GiB",0.72%,"710MB / 813MB","0B / 0B",40
1740725668,8,6577612,16228688,40.53,,,f6b417fc0714,reverse-proxy-controller-1,f6b417fc0714,0.66%,"848.3MiB / 15.48GiB",5.35%,"51.1MB / 97.2MB","0B / 0B",246
1740725681,7,6588968,16228688,40.60,,,d9ae95b21dde,reverse-proxy-api-1,d9ae95b21dde,95.92%,"176.8MiB / 256MiB",69.04%,"586MB / 439MB","0B / 0B",27
1740725681,7,6588968,16228688,40.60,,,056cf00840ca,reverse-proxy-cache-1,056cf00840ca,0.00%,"13.55MiB / 20MiB",67.75%,"28.3kB / 3.16kB","0B / 0B",18
1740725681,7,6588968,16228688,40.60,,,38551dc193e6,reverse-proxy-agent-1,38551dc193e6,8.06%,"2.357GiB / 15.48GiB",15.23%,"606MB / 642MB","0B / 0B",1430
1740725681,7,6588968,16228688,40.60,,,237e75e8f6fa,reverse-proxy-lb-1,237e75e8f6fa,1.63%,"114.7MiB / 15.48GiB",0.72%,"711MB / 814MB","0B / 0B",40
1740725681,7,6588968,16228688,40.60,,,f6b417fc0714,reverse-proxy-controller-1,f6b417fc0714,0.65%,"849.1MiB / 15.48GiB",5.36%,"51.3MB / 97.3MB","0B / 0B",246
1740725693,8,6600396,16228688,40.67,,,d9ae95b21dde,reverse-proxy-api-1,d9ae95b21dde,95.26%,"179.9MiB / 256MiB",70.28%,"586MB / 439MB","0B / 0B",29
1740725693,8,6600396,16228688,40.67,,,056cf00840ca,reverse-proxy-cache-1,056cf00840ca,0.00%,"13.55MiB / 20MiB",67.75%,"28.3kB / 3.16kB","0B / 0B",18
1740725693,8,6600396,16228688,40.67,,,38551dc193e6,reverse-proxy-agent-1,38551dc193e6,10.61%,"2.377GiB / 15.48GiB",15.36%,"607MB / 642MB","0B / 0B",1430
1740725693,8,6600396,16228688,40.67,,,237e75e8f6fa,reverse-proxy-lb-1,237e75e8f6fa,1.60%,"114.7MiB / 15.48GiB",0.72%,"712MB / 815MB","0B / 0B",40
1740725693,8,6600396,16228688,40.67,,,f6b417fc0714,reverse-proxy-controller-1,f6b417fc0714,0.76%,"850.3MiB / 15.48GiB",5.37%,"51.5MB / 97.3MB","0B / 0B",248
1740725706,7,6631532,16228688,40.86,,,d9ae95b21dde,reverse-proxy-api-1,d9ae95b21dde,95.51%,"180.1MiB / 256MiB",70.36%,"587MB / 440MB","0B / 0B",28
1740725706,7,6631532,16228688,40.86,,,056cf00840ca,reverse-proxy-cache-1,056cf00840ca,0.00%,"13.55MiB / 20MiB",67.75%,"28.3kB / 3.16kB","0B / 0B",18
1740725706,7,6631532,16228688,40.86,,,38551dc193e6,reverse-proxy-agent-1,38551dc193e6,8.45%,"2.403GiB / 15.48GiB",15.52%,"607MB / 643MB","0B / 0B",1430
1740725706,7,6631532,16228688,40.86,,,237e75e8f6fa,reverse-proxy-lb-1,237e75e8f6fa,1.55%,"114.8MiB / 15.48GiB",0.72%,"713MB / 816MB","0B / 0B",40
1740725706,7,6631532,16228688,40.86,,,f6b417fc0714,reverse-proxy-controller-1,f6b417fc0714,0.95%,"851.1MiB / 15.48GiB",5.37%,"51.7MB / 97.4MB","0B / 0B",248
1740725720,7,6678308,16228688,41.15,,,d9ae95b21dde,reverse-proxy-api-1,d9ae95b21dde,96.30%,"180.6MiB / 256MiB",70.55%,"587MB / 440MB","0B / 0B",28
1740725720,7,6678308,16228688,41.15,,,056cf00840ca,reverse-proxy-cache-1,056cf00840ca,0.00%,"13.55MiB / 20MiB",67.75%,"28.3kB / 3.16kB","0B / 0B",18
1740725720,7,6678308,16228688,41.15,,,38551dc193e6,reverse-proxy-agent-1,38551dc193e6,7.49%,"2.447GiB / 15.48GiB",15.81%,"608MB / 643MB","0B / 0B",1430
1740725720,7,6678308,16228688,41.15,,,237e75e8f6fa,reverse-proxy-lb-1,237e75e8f6fa,1.54%,"115MiB / 15.48GiB",0.73%,"713MB / 817MB","0B / 0B",40
1740725720,7,6678308,16228688,41.15,,,f6b417fc0714,reverse-proxy-controller-1,f6b417fc0714,0.61%,"851.9MiB / 15.48GiB",5.38%,"51.9MB / 97.4MB","0B / 0B",248
1740725732,7,6707740,16228688,41.33,,,d9ae95b21dde,reverse-proxy-api-1,d9ae95b21dde,96.22%,"178.7MiB / 256MiB",69.82%,"588MB / 440MB","0B / 0B",27
1740725732,7,6707740,16228688,41.33,,,056cf00840ca,reverse-proxy-cache-1,056cf00840ca,0.00%,"13.55MiB / 20MiB",67.75%,"28.3kB / 3.16kB","0B / 0B",18
1740725732,7,6707740,16228688,41.33,,,38551dc193e6,reverse-proxy-agent-1,38551dc193e6,7.71%,"2.482GiB / 15.48GiB",16.04%,"608MB / 644MB","0B / 0B",1430
1740725732,7,6707740,16228688,41.33,,,237e75e8f6fa,reverse-proxy-lb-1,237e75e8f6fa,1.64%,"115.1MiB / 15.48GiB",0.73%,"714MB / 818MB","0B / 0B",40
1740725732,7,6707740,16228688,41.33,,,f6b417fc0714,reverse-proxy-controller-1,f6b417fc0714,0.87%,"852.8MiB / 15.48GiB",5.38%,"52MB / 97.5MB","0B / 0B",248
1740725746,7,6764676,16228688,41.68,,,d9ae95b21dde,reverse-proxy-api-1,d9ae95b21dde,95.14%,"179.5MiB / 256MiB",70.11%,"588MB / 441MB","0B / 0B",27
1740725746,7,6764676,16228688,41.68,,,056cf00840ca,reverse-proxy-cache-1,056cf00840ca,0.00%,"13.55MiB / 20MiB",67.75%,"28.3kB / 3.16kB","0B / 0B",18
1740725746,7,6764676,16228688,41.68,,,38551dc193e6,reverse-proxy-agent-1,38551dc193e6,17.30%,"2.522GiB / 15.48GiB",16.30%,"608MB / 645MB","0B / 0B",1430
1740725746,7,6764676,16228688,41.68,,,237e75e8f6fa,reverse-proxy-lb-1,237e75e8f6fa,1.55%,"115.3MiB / 15.48GiB",0.73%,"715MB / 819MB","0B / 0B",40
1740725746,7,6764676,16228688,41.68,,,f6b417fc0714,reverse-proxy-controller-1,f6b417fc0714,0.86%,"853.3MiB / 15.48GiB",5.38%,"52.2MB / 97.6MB","0B / 0B",246
1740725758,7,6802948,16228688,41.92,,,d9ae95b21dde,reverse-proxy-api-1,d9ae95b21dde,96.08%,"180.1MiB / 256MiB",70.34%,"589MB / 441MB","0B / 0B",27
1740725758,7,6802948,16228688,41.92,,,056cf00840ca,reverse-proxy-cache-1,056cf00840ca,0.00%,"13.55MiB / 20MiB",67.75%,"28.3kB / 3.16kB","0B / 0B",18
1740725758,7,6802948,16228688,41.92,,,38551dc193e6,reverse-proxy-agent-1,38551dc193e6,8.56%,"2.551GiB / 15.48GiB",16.48%,"609MB / 645MB","0B / 0B",1430
1740725758,7,6802948,16228688,41.92,,,237e75e8f6fa,reverse-proxy-lb-1,237e75e8f6fa,1.59%,"115.5MiB / 15.48GiB",0.73%,"716MB / 819MB","0B / 0B",40
1740725758,7,6802948,16228688,41.92,,,f6b417fc0714,reverse-proxy-controller-1,f6b417fc0714,0.85%,"854.7MiB / 15.48GiB",5.39%,"52.4MB / 97.6MB","0B / 0B",246
1740725772,7,6841524,16228688,42.16,,,d9ae95b21dde,reverse-proxy-api-1,d9ae95b21dde,95.89%,"178.5MiB / 256MiB",69.73%,"589MB / 442MB","0B / 0B",28
1740725772,7,6841524,16228688,42.16,,,056cf00840ca,reverse-proxy-cache-1,056cf00840ca,0.00%,"13.55MiB / 20MiB",67.75%,"28.3kB / 3.16kB","0B / 0B",18
1740725772,7,6841524,16228688,42.16,,,38551dc193e6,reverse-proxy-agent-1,38551dc193e6,9.96%,"2.584GiB / 15.48GiB",16.69%,"609MB / 646MB","0B / 0B",1430
1740725772,7,6841524,16228688,42.16,,,237e75e8f6fa,reverse-proxy-lb-1,237e75e8f6fa,1.58%,"115.6MiB / 15.48GiB",0.73%,"716MB / 820MB","0B / 0B",40
1740725772,7,6841524,16228688,42.16,,,f6b417fc0714,reverse-proxy-controller-1,f6b417fc0714,0.64%,"855.4MiB / 15.48GiB",5.40%,"52.6MB / 97.7MB","0B / 0B",246
1740725784,10,6877116,16228688,42.38,,,d9ae95b21dde,reverse-proxy-api-1,d9ae95b21dde,95.80%,"179.2MiB / 256MiB",69.99%,"590MB / 442MB","0B / 0B",32
1740725784,10,6877116,16228688,42.38,,,056cf00840ca,reverse-proxy-cache-1,056cf00840ca,0.00%,"13.55MiB / 20MiB",67.75%,"28.3kB / 3.16kB","0B / 0B",18
1740725784,10,6877116,16228688,42.38,,,38551dc193e6,reverse-proxy-agent-1,38551dc193e6,13.23%,"2.616GiB / 15.48GiB",16.91%,"610MB / 646MB","0B / 0B",1430
1740725784,10,6877116,16228688,42.38,,,237e75e8f6fa,reverse-proxy-lb-1,237e75e8f6fa,1.70%,"115.7MiB / 15.48GiB",0.73%,"717MB / 821MB","0B / 0B",40
1740725784,10,6877116,16228688,42.38,,,f6b417fc0714,reverse-proxy-controller-1,f6b417fc0714,0.98%,"856.2MiB / 15.48GiB",5.40%,"52.8MB / 97.7MB","0B / 0B",246
1740725797,7,6918852,16228688,42.63,,,d9ae95b21dde,reverse-proxy-api-1,d9ae95b21dde,95.75%,"179.6MiB / 256MiB",70.16%,"590MB / 442MB","0B / 0B",30
1740725797,7,6918852,16228688,42.63,,,056cf00840ca,reverse-proxy-cache-1,056cf00840ca,0.00%,"13.55MiB / 20MiB",67.75%,"28.3kB / 3.16kB","0B / 0B",18
1740725797,7,6918852,16228688,42.63,,,38551dc193e6,reverse-proxy-agent-1,38551dc193e6,7.27%,"2.649GiB / 15.48GiB",17.11%,"610MB / 647MB","0B / 0B",1430
1740725797,7,6918852,16228688,42.63,,,237e75e8f6fa,reverse-proxy-lb-1,237e75e8f6fa,1.51%,"116MiB / 15.48GiB",0.73%,"718MB / 822MB","0B / 0B",40
1740725797,7,6918852,16228688,42.63,,,f6b417fc0714,reverse-proxy-controller-1,f6b417fc0714,0.64%,"856.7MiB / 15.48GiB",5.41%,"53MB / 97.8MB","0B / 0B",246
1740725811,8,6946256,16228688,42.80,,,d9ae95b21dde,reverse-proxy-api-1,d9ae95b21dde,95.00%,"181.3MiB / 256MiB",70.83%,"591MB / 443MB","0B / 0B",28
1740725811,8,6946256,16228688,42.80,,,056cf00840ca,reverse-proxy-cache-1,056cf00840ca,0.00%,"13.55MiB / 20MiB",67.75%,"28.3kB / 3.16kB","0B / 0B",18
1740725811,8,6946256,16228688,42.80,,,38551dc193e6,reverse-proxy-agent-1,38551dc193e6,10.91%,"2.673GiB / 15.48GiB",17.27%,"610MB / 647MB","0B / 0B",1430
1740725811,8,6946256,16228688,42.80,,,237e75e8f6fa,reverse-proxy-lb-1,237e75e8f6fa,1.27%,"116MiB / 15.48GiB",0.73%,"719MB / 823MB","0B / 0B",40
1740725811,8,6946256,16228688,42.80,,,f6b417fc0714,reverse-proxy-controller-1,f6b417fc0714,0.88%,"857.6MiB / 15.48GiB",5.41%,"53.2MB / 97.8MB","0B / 0B",247
1740725823,8,6977024,16228688,42.99,,,d9ae95b21dde,reverse-proxy-api-1,d9ae95b21dde,94.08%,"183.3MiB / 256MiB",71.59%,"591MB / 443MB","0B / 0B",31
1740725823,8,6977024,16228688,42.99,,,056cf00840ca,reverse-proxy-cache-1,056cf00840ca,0.00%,"13.55MiB / 20MiB",67.75%,"28.3kB / 3.16kB","0B / 0B",18
1740725823,8,6977024,16228688,42.99,,,38551dc193e6,reverse-proxy-agent-1,38551dc193e6,9.07%,"2.707GiB / 15.48GiB",17.49%,"611MB / 648MB","0B / 0B",1430
1740725823,8,6977024,16228688,42.99,,,237e75e8f6fa,reverse-proxy-lb-1,237e75e8f6fa,1.67%,"116.3MiB / 15.48GiB",0.73%,"720MB / 824MB","0B / 0B",40
1740725823,8,6977024,16228688,42.99,,,f6b417fc0714,reverse-proxy-controller-1,f6b417fc0714,0.81%,"858.5MiB / 15.48GiB",5.42%,"53.3MB / 97.9MB","0B / 0B",247
1740725837,7,6983568,16228688,43.03,,,d9ae95b21dde,reverse-proxy-api-1,d9ae95b21dde,95.54%,"190.3MiB / 256MiB",74.32%,"592MB / 443MB","0B / 0B",32
1740725837,7,6983568,16228688,43.03,,,056cf00840ca,reverse-proxy-cache-1,056cf00840ca,0.00%,"13.55MiB / 20MiB",67.75%,"28.3kB / 3.16kB","0B / 0B",18
1740725837,7,6983568,16228688,43.03,,,38551dc193e6,reverse-proxy-agent-1,38551dc193e6,6.58%,"2.712GiB / 15.48GiB",17.52%,"611MB / 648MB","0B / 0B",1430
1740725837,7,6983568,16228688,43.03,,,237e75e8f6fa,reverse-proxy-lb-1,237e75e8f6fa,1.77%,"116.6MiB / 15.48GiB",0.74%,"720MB / 825MB","0B / 0B",40
1740725837,7,6983568,16228688,43.03,,,f6b417fc0714,reverse-proxy-controller-1,f6b417fc0714,1.10%,"838MiB / 15.48GiB",5.29%,"53.5MB / 97.9MB","0B / 0B",247
1740725849,7,6991548,16228688,43.08,,,d9ae95b21dde,reverse-proxy-api-1,d9ae95b21dde,95.70%,"190.7MiB / 256MiB",74.48%,"592MB / 444MB","0B / 0B",28
1740725849,7,6991548,16228688,43.08,,,056cf00840ca,reverse-proxy-cache-1,056cf00840ca,0.00%,"13.55MiB / 20MiB",67.75%,"28.3kB / 3.16kB","0B / 0B",18
1740725849,7,6991548,16228688,43.08,,,38551dc193e6,reverse-proxy-agent-1,38551dc193e6,8.40%,"2.71GiB / 15.48GiB",17.51%,"612MB / 649MB","0B / 0B",1430
1740725849,7,6991548,16228688,43.08,,,237e75e8f6fa,reverse-proxy-lb-1,237e75e8f6fa,1.69%,"116.7MiB / 15.48GiB",0.74%,"721MB / 826MB","0B / 0B",40
1740725849,7,6991548,16228688,43.08,,,f6b417fc0714,reverse-proxy-controller-1,f6b417fc0714,0.77%,"838.6MiB / 15.48GiB",5.29%,"53.7MB / 98MB","0B / 0B",247
1740725862,7,6999700,16228688,43.13,,,d9ae95b21dde,reverse-proxy-api-1,d9ae95b21dde,96.40%,"189.7MiB / 256MiB",74.11%,"593MB / 444MB","0B / 0B",29
1740725862,7,6999700,16228688,43.13,,,056cf00840ca,reverse-proxy-cache-1,056cf00840ca,0.00%,"13.55MiB / 20MiB",67.75%,"28.3kB / 3.16kB","0B / 0B",18
1740725862,7,6999700,16228688,43.13,,,38551dc193e6,reverse-proxy-agent-1,38551dc193e6,6.63%,"2.715GiB / 15.48GiB",17.54%,"612MB / 650MB","0B / 0B",1430
1740725862,7,6999700,16228688,43.13,,,237e75e8f6fa,reverse-proxy-lb-1,237e75e8f6fa,1.72%,"116.8MiB / 15.48GiB",0.74%,"722MB / 827MB","0B / 0B",40
1740725862,7,6999700,16228688,43.13,,,f6b417fc0714,reverse-proxy-controller-1,f6b417fc0714,0.67%,"837.4MiB / 15.48GiB",5.28%,"53.9MB / 98MB","0B / 0B",245
1740725876,8,7015644,16228688,43.23,,,d9ae95b21dde,reverse-proxy-api-1,d9ae95b21dde,95.99%,"189.1MiB / 256MiB",73.88%,"594MB / 444MB","0B / 0B",27
1740725876,8,7015644,16228688,43.23,,,056cf00840ca,reverse-proxy-cache-1,056cf00840ca,0.00%,"13.55MiB / 20MiB",67.75%,"28.3kB / 3.16kB","0B / 0B",18
1740725876,8,7015644,16228688,43.23,,,38551dc193e6,reverse-proxy-agent-1,38551dc193e6,6.32%,"2.728GiB / 15.48GiB",17.62%,"612MB / 650MB","0B / 0B",1430
1740725876,8,7015644,16228688,43.23,,,237e75e8f6fa,reverse-proxy-lb-1,237e75e8f6fa,1.53%,"116.9MiB / 15.48GiB",0.74%,"723MB / 828MB","0B / 0B",40
1740725876,8,7015644,16228688,43.23,,,f6b417fc0714,reverse-proxy-controller-1,f6b417fc0714,0.46%,"838.2MiB / 15.48GiB",5.29%,"54.1MB / 98.1MB","0B / 0B",245
1740725888,7,7016272,16228688,43.23,,,d9ae95b21dde,reverse-proxy-api-1,d9ae95b21dde,94.97%,"187.2MiB / 256MiB",73.11%,"594MB / 445MB","0B / 0B",29
1740725888,7,7016272,16228688,43.23,,,056cf00840ca,reverse-proxy-cache-1,056cf00840ca,0.00%,"13.55MiB / 20MiB",67.75%,"28.3kB / 3.16kB","0B / 0B",18
1740725888,7,7016272,16228688,43.23,,,38551dc193e6,reverse-proxy-agent-1,38551dc193e6,6.50%,"2.729GiB / 15.48GiB",17.63%,"613MB / 651MB","0B / 0B",1430
1740725888,7,7016272,16228688,43.23,,,237e75e8f6fa,reverse-proxy-lb-1,237e75e8f6fa,1.58%,"117.2MiB / 15.48GiB",0.74%,"724MB / 829MB","0B / 0B",40
1740725888,7,7016272,16228688,43.23,,,f6b417fc0714,reverse-proxy-controller-1,f6b417fc0714,0.60%,"838.8MiB / 15.48GiB",5.29%,"54.2MB / 98.2MB","0B / 0B",245
1740725902,7,7023192,16228688,43.28,,,d9ae95b21dde,reverse-proxy-api-1,d9ae95b21dde,95.37%,"189.1MiB / 256MiB",73.86%,"595MB / 445MB","0B / 0B",29
1740725902,7,7023192,16228688,43.28,,,056cf00840ca,reverse-proxy-cache-1,056cf00840ca,0.00%,"13.55MiB / 20MiB",67.75%,"28.3kB / 3.16kB","0B / 0B",18
1740725902,7,7023192,16228688,43.28,,,38551dc193e6,reverse-proxy-agent-1,38551dc193e6,9.82%,"2.729GiB / 15.48GiB",17.63%,"613MB / 651MB","0B / 0B",1430
1740725902,7,7023192,16228688,43.28,,,237e75e8f6fa,reverse-proxy-lb-1,237e75e8f6fa,1.54%,"117.7MiB / 15.48GiB",0.74%,"725MB / 830MB","0B / 0B",40
1740725902,7,7023192,16228688,43.28,,,f6b417fc0714,reverse-proxy-controller-1,f6b417fc0714,0.70%,"839.7MiB / 15.48GiB",5.30%,"54.4MB / 98.2MB","0B / 0B",245
1740725914,7,7022280,16228688,43.27,,,d9ae95b21dde,reverse-proxy-api-1,d9ae95b21dde,96.10%,"188.6MiB / 256MiB",73.67%,"595MB / 446MB","0B / 0B",31
1740725914,7,7022280,16228688,43.27,,,056cf00840ca,reverse-proxy-cache-1,056cf00840ca,0.00%,"13.55MiB / 20MiB",67.75%,"28.3kB / 3.16kB","0B / 0B",18
1740725914,7,7022280,16228688,43.27,,,38551dc193e6,reverse-proxy-agent-1,38551dc193e6,6.09%,"2.728GiB / 15.48GiB",17.63%,"614MB / 652MB","0B / 0B",1430
1740725914,7,7022280,16228688,43.27,,,237e75e8f6fa,reverse-proxy-lb-1,237e75e8f6fa,1.49%,"118.4MiB / 15.48GiB",0.75%,"725MB / 831MB","0B / 0B",40
1740725914,7,7022280,16228688,43.27,,,f6b417fc0714,reverse-proxy-controller-1,f6b417fc0714,0.59%,"840.6MiB / 15.48GiB",5.30%,"54.6MB / 98.3MB","0B / 0B",245
1740725927,8,7038164,16228688,43.37,,,d9ae95b21dde,reverse-proxy-api-1,d9ae95b21dde,94.83%,"188.8MiB / 256MiB",73.77%,"596MB / 446MB","0B / 0B",28
1740725927,8,7038164,16228688,43.37,,,056cf00840ca,reverse-proxy-cache-1,056cf00840ca,0.00%,"13.55MiB / 20MiB",67.75%,"28.3kB / 3.16kB","0B / 0B",18
1740725927,8,7038164,16228688,43.37,,,38551dc193e6,reverse-proxy-agent-1,38551dc193e6,6.51%,"2.729GiB / 15.48GiB",17.63%,"614MB / 652MB","0B / 0B",1430
1740725927,8,7038164,16228688,43.37,,,237e75e8f6fa,reverse-proxy-lb-1,237e75e8f6fa,1.57%,"118.8MiB / 15.48GiB",0.75%,"726MB / 832MB","0B / 0B",40
1740725927,8,7038164,16228688,43.37,,,f6b417fc0714,reverse-proxy-controller-1,f6b417fc0714,0.94%,"841.7MiB / 15.48GiB",5.31%,"54.8MB / 98.3MB","0B / 0B",247
1740725939,8,7043104,16228688,43.40,,,d9ae95b21dde,reverse-proxy-api-1,d9ae95b21dde,95.93%,"189.2MiB / 256MiB",73.89%,"596MB / 446MB","0B / 0B",28
1740725939,8,7043104,16228688,43.40,,,056cf00840ca,reverse-proxy-cache-1,056cf00840ca,0.00%,"13.55MiB / 20MiB",67.75%,"28.3kB / 3.16kB","0B / 0B",18
1740725939,8,7043104,16228688,43.40,,,38551dc193e6,reverse-proxy-agent-1,38551dc193e6,11.64%,"2.73GiB / 15.48GiB",17.64%,"614MB / 653MB","0B / 0B",1430
1740725939,8,7043104,16228688,43.40,,,237e75e8f6fa,reverse-proxy-lb-1,237e75e8f6fa,1.56%,"119MiB / 15.48GiB",0.75%,"727MB / 833MB","0B / 0B",40
1740725939,8,7043104,16228688,43.40,,,f6b417fc0714,reverse-proxy-controller-1,f6b417fc0714,0.83%,"842.8MiB / 15.48GiB",5.32%,"55MB / 98.4MB","0B / 0B",247
1740725953,7,7050300,16228688,43.44,,,d9ae95b21dde,reverse-proxy-api-1,d9ae95b21dde,95.85%,"189.6MiB / 256MiB",74.06%,"597MB / 447MB","0B / 0B",29
1740725953,7,7050300,16228688,43.44,,,056cf00840ca,reverse-proxy-cache-1,056cf00840ca,0.00%,"13.55MiB / 20MiB",67.75%,"28.3kB / 3.16kB","0B / 0B",18
1740725953,7,7050300,16228688,43.44,,,38551dc193e6,reverse-proxy-agent-1,38551dc193e6,16.29%,"2.731GiB / 15.48GiB",17.64%,"615MB / 654MB","0B / 0B",1430
1740725953,7,7050300,16228688,43.44,,,237e75e8f6fa,reverse-proxy-lb-1,237e75e8f6fa,1.56%,"119MiB / 15.48GiB",0.75%,"728MB / 834MB","0B / 0B",40
1740725953,7,7050300,16228688,43.44,,,f6b417fc0714,reverse-proxy-controller-1,f6b417fc0714,0.91%,"843.5MiB / 15.48GiB",5.32%,"55.1MB / 98.4MB","0B / 0B",247
1740725967,7,7035416,16228688,43.35,,,d9ae95b21dde,reverse-proxy-api-1,d9ae95b21dde,95.97%,"189.4MiB / 256MiB",74.00%,"597MB / 447MB","0B / 0B",27
1740725967,7,7035416,16228688,43.35,,,056cf00840ca,reverse-proxy-cache-1,056cf00840ca,0.00%,"13.55MiB / 20MiB",67.75%,"28.3kB / 3.16kB","0B / 0B",18
1740725967,7,7035416,16228688,43.35,,,38551dc193e6,reverse-proxy-agent-1,38551dc193e6,11.89%,"2.732GiB / 15.48GiB",17.65%,"615MB / 654MB","0B / 0B",1430
1740725967,7,7035416,16228688,43.35,,,237e75e8f6fa,reverse-proxy-lb-1,237e75e8f6fa,1.51%,"119.2MiB / 15.48GiB",0.75%,"729MB / 834MB","0B / 0B",40
1740725967,7,7035416,16228688,43.35,,,f6b417fc0714,reverse-proxy-controller-1,f6b417fc0714,0.77%,"844.3MiB / 15.48GiB",5.33%,"55.3MB / 98.5MB","0B / 0B",247
1740725979,7,7015592,16228688,43.23,,,d9ae95b21dde,reverse-proxy-api-1,d9ae95b21dde,95.22%,"187.6MiB / 256MiB",73.30%,"598MB / 447MB","0B / 0B",28
1740725979,7,7015592,16228688,43.23,,,056cf00840ca,reverse-proxy-cache-1,056cf00840ca,0.00%,"13.55MiB / 20MiB",67.75%,"28.3kB / 3.16kB","0B / 0B",18
1740725979,7,7015592,16228688,43.23,,,38551dc193e6,reverse-proxy-agent-1,38551dc193e6,7.74%,"2.733GiB / 15.48GiB",17.66%,"616MB / 655MB","0B / 0B",1430
1740725979,7,7015592,16228688,43.23,,,237e75e8f6fa,reverse-proxy-lb-1,237e75e8f6fa,1.76%,"119.4MiB / 15.48GiB",0.75%,"730MB / 836MB","0B / 0B",40
1740725979,7,7015592,16228688,43.23,,,f6b417fc0714,reverse-proxy-controller-1,f6b417fc0714,0.76%,"844.9MiB / 15.48GiB",5.33%,"55.5MB / 98.5MB","0B / 0B",246
1740725992,7,7009120,16228688,43.19,,,d9ae95b21dde,reverse-proxy-api-1,d9ae95b21dde,95.03%,"190MiB / 256MiB",74.21%,"598MB / 448MB","0B / 0B",30
1740725992,7,7009120,16228688,43.19,,,056cf00840ca,reverse-proxy-cache-1,056cf00840ca,0.00%,"13.55MiB / 20MiB",67.75%,"28.3kB / 3.16kB","0B / 0B",18
1740725992,7,7009120,16228688,43.19,,,38551dc193e6,reverse-proxy-agent-1,38551dc193e6,6.23%,"2.733GiB / 15.48GiB",17.66%,"616MB / 655MB","0B / 0B",1430
1740725992,7,7009120,16228688,43.19,,,237e75e8f6fa,reverse-proxy-lb-1,237e75e8f6fa,1.47%,"119.6MiB / 15.48GiB",0.75%,"731MB / 836MB","0B / 0B",40
1740725992,7,7009120,16228688,43.19,,,f6b417fc0714,reverse-proxy-controller-1,f6b417fc0714,0.66%,"845.9MiB / 15.48GiB",5.34%,"55.7MB / 98.6MB","0B / 0B",246
1740726004,7,7016960,16228688,43.24,,,d9ae95b21dde,reverse-proxy-api-1,d9ae95b21dde,96.07%,"193.7MiB / 256MiB",75.65%,"599MB / 448MB","0B / 0B",28
1740726004,7,7016960,16228688,43.24,,,056cf00840ca,reverse-proxy-cache-1,056cf00840ca,0.00%,"13.55MiB / 20MiB",67.75%,"28.3kB / 3.16kB","0B / 0B",18
1740726004,7,7016960,16228688,43.24,,,38551dc193e6,reverse-proxy-agent-1,38551dc193e6,6.21%,"2.733GiB / 15.48GiB",17.66%,"617MB / 656MB","0B / 0B",1430
1740726004,7,7016960,16228688,43.24,,,237e75e8f6fa,reverse-proxy-lb-1,237e75e8f6fa,1.65%,"119.6MiB / 15.48GiB",0.75%,"731MB / 837MB","0B / 0B",40
1740726004,7,7016960,16228688,43.24,,,f6b417fc0714,reverse-proxy-controller-1,f6b417fc0714,0.70%,"846.7MiB / 15.48GiB",5.34%,"55.9MB / 98.6MB","0B / 0B",246
1740726018,6,7020116,16228688,43.26,,,d9ae95b21dde,reverse-proxy-api-1,d9ae95b21dde,95.24%,"190MiB / 256MiB",74.24%,"599MB / 448MB","0B / 0B",28
1740726018,6,7020116,16228688,43.26,,,056cf00840ca,reverse-proxy-cache-1,056cf00840ca,0.00%,"13.55MiB / 20MiB",67.75%,"28.3kB / 3.16kB","0B / 0B",18
1740726018,6,7020116,16228688,43.26,,,38551dc193e6,reverse-proxy-agent-1,38551dc193e6,7.23%,"2.735GiB / 15.48GiB",17.67%,"617MB / 657MB","0B / 0B",1430
1740726018,6,7020116,16228688,43.26,,,237e75e8f6fa,reverse-proxy-lb-1,237e75e8f6fa,1.62%,"119.6MiB / 15.48GiB",0.75%,"732MB / 838MB","0B / 0B",40
1740726018,6,7020116,16228688,43.26,,,f6b417fc0714,reverse-proxy-controller-1,f6b417fc0714,0.76%,"847.9MiB / 15.48GiB",5.35%,"56.1MB / 98.7MB","0B / 0B",246
1740726032,19,7030648,16228688,43.32,,,d9ae95b21dde,reverse-proxy-api-1,d9ae95b21dde,96.13%,"189.5MiB / 256MiB",74.03%,"600MB / 449MB","0B / 0B",27
1740726032,19,7030648,16228688,43.32,,,056cf00840ca,reverse-proxy-cache-1,056cf00840ca,0.00%,"13.55MiB / 20MiB",67.75%,"28.3kB / 3.16kB","0B / 0B",18
1740726032,19,7030648,16228688,43.32,,,38551dc193e6,reverse-proxy-agent-1,38551dc193e6,7.23%,"2.741GiB / 15.48GiB",17.71%,"617MB / 657MB","0B / 0B",1430
1740726032,19,7030648,16228688,43.32,,,237e75e8f6fa,reverse-proxy-lb-1,237e75e8f6fa,1.88%,"120.6MiB / 15.48GiB",0.76%,"733MB / 839MB","0B / 0B",40
1740726032,19,7030648,16228688,43.32,,,f6b417fc0714,reverse-proxy-controller-1,f6b417fc0714,0.64%,"848.4MiB / 15.48GiB",5.35%,"56.2MB / 98.8MB","0B / 0B",246
1740726044,7,7040508,16228688,43.38,,,d9ae95b21dde,reverse-proxy-api-1,d9ae95b21dde,94.77%,"188.8MiB / 256MiB",73.74%,"600MB / 449MB","0B / 0B",30
1740726044,7,7040508,16228688,43.38,,,056cf00840ca,reverse-proxy-cache-1,056cf00840ca,0.00%,"13.55MiB / 20MiB",67.75%,"28.3kB / 3.16kB","0B / 0B",18
1740726044,7,7040508,16228688,43.38,,,38551dc193e6,reverse-proxy-agent-1,38551dc193e6,5.72%,"2.749GiB / 15.48GiB",17.76%,"618MB / 658MB","0B / 0B",1430
1740726044,7,7040508,16228688,43.38,,,237e75e8f6fa,reverse-proxy-lb-1,237e75e8f6fa,1.33%,"120.8MiB / 15.48GiB",0.76%,"734MB / 840MB","0B / 0B",40
1740726044,7,7040508,16228688,43.38,,,f6b417fc0714,reverse-proxy-controller-1,f6b417fc0714,0.65%,"849.5MiB / 15.48GiB",5.36%,"56.4MB / 98.8MB","0B / 0B",247
1740726057,7,7047456,16228688,43.43,,,d9ae95b21dde,reverse-proxy-api-1,d9ae95b21dde,94.90%,"189.6MiB / 256MiB",74.06%,"601MB / 450MB","0B / 0B",29
1740726057,7,7047456,16228688,43.43,,,056cf00840ca,reverse-proxy-cache-1,056cf00840ca,0.00%,"13.55MiB / 20MiB",67.75%,"28.3kB / 3.16kB","0B / 0B",18
1740726057,7,7047456,16228688,43.43,,,38551dc193e6,reverse-proxy-agent-1,38551dc193e6,6.10%,"2.755GiB / 15.48GiB",17.80%,"618MB / 658MB","0B / 0B",1430
1740726057,7,7047456,16228688,43.43,,,237e75e8f6fa,reverse-proxy-lb-1,237e75e8f6fa,1.54%,"120.8MiB / 15.48GiB",0.76%,"735MB / 841MB","0B / 0B",40
1740726057,7,7047456,16228688,43.43,,,f6b417fc0714,reverse-proxy-controller-1,f6b417fc0714,1.03%,"850.3MiB / 15.48GiB",5.37%,"56.6MB / 98.9MB","0B / 0B",247
1740726069,8,7059952,16228688,43.50,,,d9ae95b21dde,reverse-proxy-api-1,d9ae95b21dde,95.11%,"187.7MiB / 256MiB",73.34%,"601MB / 450MB","0B / 0B",29
1740726069,8,7059952,16228688,43.50,,,056cf00840ca,reverse-proxy-cache-1,056cf00840ca,0.00%,"13.55MiB / 20MiB",67.75%,"28.3kB / 3.16kB","0B / 0B",18
1740726069,8,7059952,16228688,43.50,,,38551dc193e6,reverse-proxy-agent-1,38551dc193e6,5.70%,"2.762GiB / 15.48GiB",17.85%,"619MB / 659MB","0B / 0B",1430
1740726069,8,7059952,16228688,43.50,,,237e75e8f6fa,reverse-proxy-lb-1,237e75e8f6fa,1.49%,"120.8MiB / 15.48GiB",0.76%,"736MB / 842MB","0B / 0B",40
1740726069,8,7059952,16228688,43.50,,,f6b417fc0714,reverse-proxy-controller-1,f6b417fc0714,0.65%,"850.9MiB / 15.48GiB",5.37%,"56.8MB / 98.9MB","0B / 0B",247
1740726083,7,7074460,16228688,43.59,,,d9ae95b21dde,reverse-proxy-api-1,d9ae95b21dde,95.23%,"185.8MiB / 256MiB",72.58%,"602MB / 450MB","0B / 0B",27
1740726083,7,7074460,16228688,43.59,,,056cf00840ca,reverse-proxy-cache-1,056cf00840ca,0.00%,"13.55MiB / 20MiB",67.75%,"28.3kB / 3.16kB","0B / 0B",18
1740726083,7,7074460,16228688,43.59,,,38551dc193e6,reverse-proxy-agent-1,38551dc193e6,5.73%,"2.776GiB / 15.48GiB",17.94%,"619MB / 660MB","0B / 0B",1430
1740726083,7,7074460,16228688,43.59,,,237e75e8f6fa,reverse-proxy-lb-1,237e75e8f6fa,1.47%,"121MiB / 15.48GiB",0.76%,"736MB / 843MB","0B / 0B",40
1740726083,7,7074460,16228688,43.59,,,f6b417fc0714,reverse-proxy-controller-1,f6b417fc0714,0.85%,"852.4MiB / 15.48GiB",5.38%,"57MB / 99MB","0B / 0B",247
1740726095,7,7080268,16228688,43.63,,,d9ae95b21dde,reverse-proxy-api-1,d9ae95b21dde,94.94%,"180.3MiB / 256MiB",70.43%,"602MB / 451MB","0B / 0B",28
1740726095,7,7080268,16228688,43.63,,,056cf00840ca,reverse-proxy-cache-1,056cf00840ca,0.00%,"13.55MiB / 20MiB",67.75%,"28.3kB / 3.16kB","0B / 0B",18
1740726095,7,7080268,16228688,43.63,,,38551dc193e6,reverse-proxy-agent-1,38551dc193e6,5.72%,"2.788GiB / 15.48GiB",18.02%,"620MB / 660MB","0B / 0B",1430
1740726095,7,7080268,16228688,43.63,,,237e75e8f6fa,reverse-proxy-lb-1,237e75e8f6fa,1.50%,"121MiB / 15.48GiB",0.76%,"737MB / 844MB","0B / 0B",40
1740726095,7,7080268,16228688,43.63,,,f6b417fc0714,reverse-proxy-controller-1,f6b417fc0714,0.69%,"853MiB / 15.48GiB",5.38%,"57.1MB / 99MB","0B / 0B",246
1740726109,7,7093368,16228688,43.71,,,d9ae95b21dde,reverse-proxy-api-1,d9ae95b21dde,95.05%,"181MiB / 256MiB",70.72%,"603MB / 451MB","0B / 0B",30
1740726109,7,7093368,16228688,43.71,,,056cf00840ca,reverse-proxy-cache-1,056cf00840ca,0.00%,"13.55MiB / 20MiB",67.75%,"28.3kB / 3.16kB","0B / 0B",18
1740726109,7,7093368,16228688,43.71,,,38551dc193e6,reverse-proxy-agent-1,38551dc193e6,5.66%,"2.774GiB / 15.48GiB",17.92%,"620MB / 661MB","0B / 0B",1068
1740726109,7,7093368,16228688,43.71,,,237e75e8f6fa,reverse-proxy-lb-1,237e75e8f6fa,1.02%,"119.4MiB / 15.48GiB",0.75%,"738MB / 845MB","0B / 0B",40
1740726109,7,7093368,16228688,43.71,,,f6b417fc0714,reverse-proxy-controller-1,f6b417fc0714,0.92%,"854.4MiB / 15.48GiB",5.39%,"57.3MB / 99.1MB","0B / 0B",246
1740726122,0,4429160,16228688,27.29,,,d9ae95b21dde,reverse-proxy-api-1,d9ae95b21dde,0.08%,"179.4MiB / 256MiB",70.07%,"603MB / 451MB","0B / 0B",32
1740726122,0,4429160,16228688,27.29,,,056cf00840ca,reverse-proxy-cache-1,056cf00840ca,0.00%,"13.55MiB / 20MiB",67.75%,"28.3kB / 3.16kB","0B / 0B",18
1740726122,0,4429160,16228688,27.29,,,38551dc193e6,reverse-proxy-agent-1,38551dc193e6,0.05%,"264.2MiB / 15.48GiB",1.67%,"620MB / 661MB","0B / 0B",46
1740726122,0,4429160,16228688,27.29,,,237e75e8f6fa,reverse-proxy-lb-1,237e75e8f6fa,0.22%,"116MiB / 15.48GiB",0.73%,"738MB / 845MB","0B / 0B",40
1740726122,0,4429160,16228688,27.29,,,f6b417fc0714,reverse-proxy-controller-1,f6b417fc0714,0.51%,"854.3MiB / 15.48GiB",5.39%,"57.4MB / 99.1MB","0B / 0B",237
1740726134,0,4427500,16228688,27.28,,,d9ae95b21dde,reverse-proxy-api-1,d9ae95b21dde,0.10%,"179.4MiB / 256MiB",70.07%,"603MB / 451MB","0B / 0B",32
1740726134,0,4427500,16228688,27.28,,,056cf00840ca,reverse-proxy-cache-1,056cf00840ca,0.00%,"13.55MiB / 20MiB",67.75%,"28.3kB / 3.16kB","0B / 0B",18
1740726134,0,4427500,16228688,27.28,,,38551dc193e6,reverse-proxy-agent-1,38551dc193e6,0.08%,"264.2MiB / 15.48GiB",1.67%,"620MB / 661MB","0B / 0B",46
1740726134,0,4427500,16228688,27.28,,,237e75e8f6fa,reverse-proxy-lb-1,237e75e8f6fa,0.09%,"116MiB / 15.48GiB",0.73%,"738MB / 845MB","0B / 0B",40
1740726134,0,4427500,16228688,27.28,,,f6b417fc0714,reverse-proxy-controller-1,f6b417fc0714,0.42%,"854.8MiB / 15.48GiB",5.39%,"57.5MB / 99.1MB","0B / 0B",237
1740726148,0,4429856,16228688,27.30,,,d9ae95b21dde,reverse-proxy-api-1,d9ae95b21dde,0.08%,"179.4MiB / 256MiB",70.07%,"603MB / 451MB","0B / 0B",32
1740726148,0,4429856,16228688,27.30,,,056cf00840ca,reverse-proxy-cache-1,056cf00840ca,0.00%,"13.55MiB / 20MiB",67.75%,"28.3kB / 3.16kB","0B / 0B",18
1740726148,0,4429856,16228688,27.30,,,38551dc193e6,reverse-proxy-agent-1,38551dc193e6,0.07%,"264.2MiB / 15.48GiB",1.67%,"620MB / 661MB","0B / 0B",46
1740726148,0,4429856,16228688,27.30,,,237e75e8f6fa,reverse-proxy-lb-1,237e75e8f6fa,0.08%,"115.9MiB / 15.48GiB",0.73%,"738MB / 845MB","0B / 0B",40
1740726148,0,4429856,16228688,27.30,,,f6b417fc0714,reverse-proxy-controller-1,f6b417fc0714,0.39%,"855.8MiB / 15.48GiB",5.40%,"57.5MB / 99.1MB","0B / 0B",239
1740726160,0,4429948,16228688,27.30,,,d9ae95b21dde,reverse-proxy-api-1,d9ae95b21dde,0.09%,"179.4MiB / 256MiB",70.07%,"603MB / 451MB","0B / 0B",32
1740726160,0,4429948,16228688,27.30,,,056cf00840ca,reverse-proxy-cache-1,056cf00840ca,0.00%,"13.55MiB / 20MiB",67.75%,"28.3kB / 3.16kB","0B / 0B",18
1740726160,0,4429948,16228688,27.30,,,38551dc193e6,reverse-proxy-agent-1,38551dc193e6,0.08%,"264.2MiB / 15.48GiB",1.67%,"620MB / 661MB","0B / 0B",46
1740726160,0,4429948,16228688,27.30,,,237e75e8f6fa,reverse-proxy-lb-1,237e75e8f6fa,0.08%,"115.8MiB / 15.48GiB",0.73%,"738MB / 845MB","0B / 0B",40
1740726160,0,4429948,16228688,27.30,,,f6b417fc0714,reverse-proxy-controller-1,f6b417fc0714,1.10%,"856.6MiB / 15.48GiB",5.41%,"57.5MB / 99.1MB","0B / 0B",239
